9046375855745733910	/2026/09/zero-day-vulnerabilities-and-exploits.html	Zero-day vs N-day, the CVE lifecycle, EternalBlue and Log4Shell, and virtual patching — why unpatchable ship OT is exposed. Maritime Cyber Lesson 12.
288429344567195209	/2026/09/sql-injection-maritime-cyber-learning.html	How SQL injection works — in-band, blind and union-based — and how parameterised queries, input validation and WAFs stop it. Maritime Cyber Lesson 10.
6232868709778440205	/2026/09/man-in-middle-mitm-attacks-maritime.html	Man-in-the-Middle attacks: ARP spoofing, SSL stripping, rogue Wi-Fi and session hijacking, plus VSAT and port Wi-Fi risks for ships. Cyber Lesson 9.
6945381866373119446	/2026/09/dos-and-ddos-attacks-maritime-cyber.html	DoS vs DDoS: volumetric, protocol and app-layer attacks, botnets, amplification and scrubbing — and the risk to ports and ship comms. Cyber Lesson 8.
2326035135273993977	/2026/09/kali-linux-and-security-testing-for.html	What Kali Linux is, vulnerability assessment vs pentest, the five-phase method and why shipboard OT needs a passive-first, legal approach. Lesson 4.
9126944643831118024	/2026/09/the-next-decade-of-maritime-cyber.html	Ballast water, EEDI, CII and EU ETS took 30 years to turn rules into money. A forecast of how IACS UR E26/E27 cyber regulation may follow, 2026–2040.
8803972911019836884	/2026/09/security-and-cybersecurity-knowledge.html	CompTIA Security+ domains — network, identity, crypto, vulnerability, SecOps, risk — mapped to maritime cybersecurity. Cyber Learning Lesson 5.
5524730800733448002	/2026/09/linux-os-fundamentals-for-cybersecurity.html	Processes, users, permissions, file systems, services and logs on Linux vs Windows — the OS basics behind every attack, and why they matter on ships.
7731597286821613541	/2026/09/ur-e27-response-strategies-ur-e27.html	Does your marine equipment need IACS UR E27 certification? How suppliers should assess applicability first. UR E27 Response Strategies, Part 3 of 12.
402341043110062557	/2026/08/why-category-classification-comes-first.html	Not every ship OT system needs the same protection. Why IACS UR E26/E27 Category I/II/III classification must come first in ship cybersecurity design.
4847925970199323097	/2026/07/red-kraken-and-maritime-logistics-stack.html	A CSIS AI red-agent wargame shows how an adaptive adversary targets the software, identities, data and providers behind ports and shipping logistics.
343161473321270608	/2026/07/iacs-ur-e27-asks-you-to-prove-up-to-41.html	UR E27 asks suppliers to prove up to 41 IEC 62443 capabilities — none inspect an AI model. Why backdoored model weights slip past type approval.
873215711993679354	/2026/07/ship-zcd-documentation-zone-conduit-diagram-iacs-ur-e26.html	How to turn physical and logical ship networks into an IACS UR E26 Zones & Conduits Diagram (ZCD) that class accepts. Ship OT Cyber Series Part 3.
2314926175951869883	/2026/05/maritime-ai-data-foundations-series_10.html	Five hands-on Python use cases with real ship data — AIS and NMEA parsing with pyais, pynmea2 and pandas to automated noon reports. AI & Data Part 3.
1606835483417924783	/2026/05/risk-management-prologue-ur-e26-and.html	Owner, Class and Shipyard as a three-body problem: why IACS UR E26 risk management is so hard to predict once three parties share responsibility.
3220159927810230459	/2025/12/cyber-regulatory-landscape-and-industry_15.html	Four scenarios for maritime cybersecurity: how owner, shipyard, supplier and national choices on IACS UR E26/E27 could lead to very different futures.
4432698922481613266	/2025/11/letter-of-gratitude-and-commitment-2025.html	Captain Paul looks back on 2025, the year a Maritime Consulting practice took root inside a global firm — with thanks to colleagues and partners.
5227468942105033667	/2025/12/evergreen-collaboration-begins.html	From the MOL project to Evergreen: how a maritime cybersecurity partnership with a leading Taiwanese shipowner began, and lessons for global growth.
1659126621721431987	/2025/11/the-reality-of-cyber-regulations-facing.html	Shipyards can't, suppliers won't, class won't model it: why IACS UR E26/E27 projects need a Cyber Resilience System Integrator (CRSI) build to survey.
820324849898866473	/2025/11/cyber-regulatory-landscape-and-industry.html	Why IACS UR E26 belongs in basic design: zones and conduits, system boundaries and risk assessment must start on day one, not after delivery.
1242892406955016517	/2025/11/the-cybersecurity-reality-facing-global_20.html	Why IACS UR E27 compliance keeps failing: supplier confusion, weak documentation that undermines SCARP, industry silos and the need to standardize.
1250995479417840209	/2025/10/he-8-global-cybersecurity-institutions.html	How NIST, ISO/IEC, ENISA, MITRE, FIRST, CIS, OECD and ITU-T SG17 shape cybersecurity standards for maritime logistics and IT/OT, alongside IACS.
8395711005888834128	/2025/10/the-first-step-toward-worlds-first.html	Reflections on delivering the IACS UR E27 cybersecurity policy briefing for the MOL VLGC project at Hanwha Ocean — a first step toward a cyber ship.
3762491394706446569	/2025/04/zero-trust-new-standard-for-maritime.html	Why Zero Trust fits ship IT/OT: how never-trust, always-verify security complements IMO, BIMCO and IACS UR E26/E27 cyber requirements for vessels.
359002302402705810	/2025/02/maritimecybertrend-us-sanctions-on.html	How USTR sanctions on Chinese ships and shipbuilding could reshape maritime cyber compliance — from the Huawei precedent to scrutiny of CCS ships.
8143050458697770239	/2025/02/maritimecybertrend-navigating-maritime.html	Beyond newbuild rules: how IACS UR E26/E27 and the 2025 USCG Final Rule together raise cybersecurity requirements for ships already in operation.
8652651687224397553	/2025/01/major-systems-installed-on-commercial.html	15 major commercial ship systems across navigation, power, safety, cargo and comms — what each does, its OT cyber risks and how to manage them.
2208984497188449762	/2024/12/imo-cybersecurity-regulations-and.html	IMO MSC.428(98), MSC-FAL.1/Circ.3 and the five-step cyber risk framework explained, and how they connect to IACS UR E26/E27 ship compliance.
8450882098867905762	/2025/03/real-time-security-monitoring-system.html	How to build shipboard SIEM/IDS real-time IT/OT monitoring aligned with IACS UR E26/E27 and class requirements, from vessel sensors to shore SOC.
6312195035388739145	/2024/12/must-read-for-maritime-industry-review.html	Review of a Korea University study using STRIDE threat modeling to derive ship cybersecurity requirements for shipbuilders, owners, ports and class.
5027452276670051502	/2021/08/gnngraph-neural-network-ml-learning-1.html	Why off-the-shelf SOTA models no longer win in enterprise AI, how expectations are shifting, and why Graph Neural Networks are worth learning now.
692920242204662333	/2021/04/reinforcement-learning.html	PhD final-semester recommender systems curriculum and key papers — from collaborative filtering and neural models to knowledge-graph recommendation.
2377480649381272017	/2020/04/1-diddigital-information-display.html	R&D notes on a DID system that runs autonomously offline and is managed remotely — sensors, self-recovery, dashboard and a 4-tier IoT edge design.
